Episode,Success_rate
50,0.38
100,0.22
150,0.18
200,0.11
250,0.092
300,0.07666666666666666
350,0.06285714285714286
400,0.0475
450,0.044444444444444446
500,0.058
550,0.03272727272727273
600,0.041666666666666664
650,0.024615384615384615
700,0.04285714285714286
750,0.029333333333333333
800,0.0375
850,0.024705882352941175
900,0.023333333333333334
950,0.024210526315789474
1000,0.033
